Task number,Current reward
0,-85.0
1,-161.0
2,-244.5
3,-336.5
4,-91.0
5,85.00000000000045
6,85.00000000000045
7,203.99999999999955
-1,477.5
