Task number,Current reward
0,-85.0
1,-161.0
2,-244.5
3,-336.5
4,-91.0
5,88.00000000000045
6,88.00000000000045
7,206.99999999999955
-1,480.5
